Year,Blood_Group,Blood_Bags
2015,A+,6764.0
2015,A-,701.0
2015,AB+,1569.0
2015,AB-,132.0
2015,B+,5355.0
2015,B-,491.0
2015,O+,11169.0
2015,O-,1225.0
2015,Rare Blood Group,2.0
2016,A+,6503.0
2016,A-,699.0
2016,AB+,1537.0
2016,AB-,144.0
2016,B+,5299.0
2016,B-,466.0
2016,O+,11097.0
2016,O-,1217.0
2016,Rare Blood Group,0.0
2017,A+,6571.0
2017,A-,641.0
2017,AB+,5665.0
2017,AB-,462.0
2017,B+,1772.0
2017,B-,135.0
2017,O+,11601.0
2017,O-,1033.0
2017,Rare Blood Group,1.0
2018,A+,7095.0
2018,A-,831.0
2018,AB+,1691.0
2018,AB-,177.0
2018,B+,5805.0
2018,B-,597.0
2018,O+,12501.0
2018,O-,1512.0
2018,Rare Blood Group,0.0
2019,A+,9055.0
2019,A-,925.0
2019,AB+,2190.0
2019,AB-,195.0
2019,B+,7515.0
2019,B-,658.0
2019,O+,13370.0
2019,O-,1488.0
2019,Rare Blood Group,0.0
2020,A+,9947.0
2020,A-,1045.0
2020,AB+,2374.0
2020,AB-,191.0
2020,B+,8729.0
2020,B-,799.0
2020,O+,15367.0
2020,O-,1679.0
2020,Rare Blood Group,0.0
