Year,Blood_Group,Predicted_Blood_Bags
2021,A-,1821
2021,A+,8670
2021,AB-,1231
2021,AB+,3518
2021,B-,1538
2021,B+,6760
2021,O-,2373
2021,O+,13531
2021,Rare Blood Group,1014
2022,A-,2110
2022,A+,8959
2022,AB-,1520
2022,AB+,3808
2022,B-,1828
2022,B+,7049
2022,O-,2663
2022,O+,13821
2022,Rare Blood Group,1304
2023,A-,2400
2023,A+,9249
2023,AB-,1810
2023,AB+,4098
2023,B-,2118
2023,B+,7339
2023,O-,2952
2023,O+,14111
2023,Rare Blood Group,1594
2024,A-,2690
2024,A+,9539
2024,AB-,2100
2024,AB+,4387
2024,B-,2407
2024,B+,7629
2024,O-,3242
2024,O+,14400
2024,Rare Blood Group,1883
2025,A-,2980
2025,A+,9828
2025,AB-,2389
2025,AB+,4677
2025,B-,2697
2025,B+,7918
2025,O-,3532
2025,O+,14690
2025,Rare Blood Group,2173
